{"cameraMode":{"drawMode":0,"name":"Shaded","section":"Shading Mode"},"sceneLighting":false,"audioPlay":false,"sceneViewState":{"showFog":true,"showMaterialUpdate":true,"showSkybox":true,"showFlares":true,"showImageEffects":true,"showParticleSystems":true},"in2DMode":false,"pivot":{"x":-48.89810562133789,"y":8.81273078918457,"z":12.407376289367676},"rotation":{"x":-0.002568764379248023,"y":-0.9609492421150208,"z":0.2765691876411438,"w":-0.00891758594661951},"size":12.384623527526856,"orthographic":false}