{"cameraMode":{"drawMode":0,"name":"Shaded","section":"Shading Mode"},"sceneLighting":true,"audioPlay":false,"sceneViewState":{"showFog":true,"showMaterialUpdate":true,"showSkybox":true,"showFlares":true,"showImageEffects":true,"showParticleSystems":true},"in2DMode":false,"pivot":{"x":-83.57685852050781,"y":-18.96413230895996,"z":3.772242307662964},"rotation":{"x":-0.21136566996574403,"y":0.6658940315246582,"z":-0.20536275207996369,"w":-0.6853728294372559},"size":139.8893280029297,"orthographic":false}