{"cameraMode":{"drawMode":0,"name":"Shaded","section":"Shading Mode"},"sceneLighting":true,"audioPlay":false,"sceneViewState":{"showFog":true,"showMaterialUpdate":true,"showSkybox":true,"showFlares":true,"showImageEffects":true,"showParticleSystems":true},"in2DMode":false,"pivot":{"x":-31.38837242126465,"y":69.17935180664063,"z":47.87742614746094},"rotation":{"x":0.29929521679878237,"y":0.1385224610567093,"z":-0.04396713897585869,"w":0.9430275559425354},"size":89.47960662841797,"orthographic":false}