{"cameraMode":{"drawMode":0,"name":"Shaded","section":"Shading Mode"},"sceneLighting":false,"audioPlay":false,"sceneViewState":{"showFog":true,"showMaterialUpdate":true,"showSkybox":true,"showFlares":true,"showImageEffects":true,"showParticleSystems":true},"in2DMode":false,"pivot":{"x":0.27059805393218996,"y":-0.04298897087574005,"z":-0.11633080244064331},"rotation":{"x":0.014555719681084156,"y":-0.9793195724487305,"z":0.1868188977241516,"w":0.0762893334031105},"size":7.792967319488525,"orthographic":false}